data,id,amount,txType,dateTime,tags
Kowefadaen,0,39713,debit,11/28/2025 09:54 PM,rent
Rjihenphiy,1,37973,credit,06/12/2023 03:28 PM,salary
Mxeggbrvla,2,93531,debit,09/11/2023 08:02 PM,shopping
Qpoglurivv,3,5718,debit,07/28/2021 12:06 PM,salary
Wppohyokjc,4,29334,credit,12/28/2029 01:11 AM,salary
Rmdytaqxbb,5,57050,debit,10/13/2021 04:19 PM,rent
Qfvvhygbnw,6,78604,debit,06/18/2025 06:57 PM,shopping
Bmkhwliddd,7,57885,debit,07/06/2026 02:12 AM,shopping
Cxuhnvgsob,8,35616,debit,12/02/2026 03:49 PM,shopping
Ggpniimxcx,9,83222,debit,10/27/2023 06:45 PM,rent
Trlfrtainf,10,16956,credit,11/17/2021 02:22 PM,salary
Ccnbwkhveq,11,8727,debit,06/02/2025 01:30 PM,shopping
Zqhaffeedx,12,20669,debit,12/24/2026 07:06 PM,shopping
Xvghdgkure,13,23426,debit,07/03/2024 10:25 PM,shopping
Murwmjluhf,14,29493,debit,12/06/2028 12:30 AM,salary
Ijlhzoscfn,15,2549,credit,09/26/2027 10:11 AM,salary
Riswimaphq,16,99368,debit,05/05/2028 01:49 PM,salary
Yeumybjegx,17,69575,credit,07/31/2023 06:11 AM,salary
Bosircolws,18,63868,credit,06/11/2020 10:35 AM,shopping
Asqcuuqpls,19,50957,debit,04/09/2029 08:03 AM,rent
Nzfbjqudcx,20,36598,credit,01/26/2028 11:51 AM,rent
Iqjoiksldk,21,25783,credit,08/01/2027 03:22 AM,shopping
Lkibiqnpeb,22,99951,debit,02/19/2027 02:53 PM,rent
Chgtonface,23,40543,credit,04/12/2025 05:35 PM,rent
Feankmyppg,24,69879,credit,11/07/2024 08:45 AM,shopping
Odxhyoknjc,25,6003,credit,11/14/2029 06:38 PM,rent
Jakqqxjyae,26,64288,debit,05/05/2020 10:23 PM,shopping
Oakqgeqlzy,27,40305,credit,04/29/2020 03:47 AM,salary
Jwhnvayfzm,28,58739,credit,11/30/2021 10:34 AM,rent
Ukudsmnbup,29,55797,debit,03/02/2020 10:03 PM,rent
Ycweldyinz,30,19213,credit,06/23/2020 07:13 PM,salary
Bdgaibynat,31,31220,debit,10/23/2028 12:16 PM,salary
Elmnttjdsx,32,84721,credit,12/12/2024 05:28 AM,salary
Kvrkrlvhtd,33,77251,credit,02/17/2023 05:46 AM,shopping
Xsfosavhkl,34,5040,debit,04/11/2021 07:47 PM,salary
Vvrfvottfb,35,87399,credit,08/23/2022 11:11 AM,rent
Kqdsiqhgdr,36,81632,credit,08/02/2021 06:23 AM,rent
Vgyzvdcvka,37,13636,debit,07/09/2028 09:38 AM,rent
Asbhstugeq,38,7732,debit,05/30/2027 04:05 AM,shopping
Fmbicgnxpa,39,54942,debit,04/05/2024 06:31 AM,shopping
Kxqjyvkybw,40,59200,debit,06/28/2027 03:19 AM,shopping
Kkskwxvuxv,41,16412,credit,06/06/2021 07:13 PM,rent
Lqbmbnwzzg,42,62586,debit,01/26/2028 04:18 PM,shopping
Ncbspvevzm,43,11919,credit,11/19/2026 04:07 PM,salary
Eshqoxrffj,44,99841,debit,03/10/2024 06:43 PM,shopping
Vclvzleufp,45,41080,credit,10/02/2024 10:44 AM,salary
Kbqtsnqwip,46,21952,credit,12/21/2029 10:14 AM,shopping
Ftljhexlam,47,9629,debit,06/09/2023 06:38 AM,rent
Naghethrow,48,44450,credit,11/30/2026 01:39 AM,rent
Oamdzovqpw,49,3504,debit,02/19/2020 06:36 AM,shopping
Dtbuzgadka,50,34727,credit,11/23/2027 08:53 AM,shopping
Pmnjflscgh,51,39459,debit,10/08/2021 12:36 AM,shopping
Kehamlkqpi,52,90383,credit,01/29/2026 11:39 AM,rent
Kuvmcqabfu,53,48873,credit,01/28/2027 06:35 PM,rent
Kdfuczwohb,54,22156,debit,11/09/2025 01:14 PM,rent
Qamrdzptso,55,50666,debit,11/26/2029 11:16 PM,salary
Yhyzbxjwuh,56,83262,credit,02/24/2022 08:13 AM,rent
Pzmshhbszk,57,8051,credit,07/15/2023 09:35 PM,shopping
Thmwrbyreb,58,7135,debit,07/28/2020 08:27 AM,shopping
Htlrxcjsvw,59,51703,credit,10/04/2026 12:03 PM,rent
Lkxhauvlmo,60,15816,credit,02/10/2021 03:30 PM,shopping
Kpjyurnpgq,61,31429,credit,09/07/2028 03:07 AM,shopping
Eqfruwniba,62,35752,debit,10/09/2029 11:14 PM,rent
Rnbymhjtuh,63,20970,debit,01/31/2026 08:26 PM,salary
Pwkdyeenrj,64,15532,debit,01/07/2023 07:16 PM,rent
Zgsuvaacof,65,32387,credit,07/01/2024 06:48 AM,salary
Xivqcptvlw,66,43990,debit,04/12/2020 04:25 PM,shopping
Djxwxedjip,67,5647,debit,01/13/2020 10:42 AM,shopping
Ufinpogyzp,68,46581,credit,11/29/2021 07:20 PM,salary
Tnltznapfc,69,76133,debit,04/24/2025 11:48 AM,rent
Kwbyrbhyvb,70,38355,debit,09/16/2024 11:56 AM,salary
Eqhwyyebld,71,29597,credit,06/15/2025 09:05 AM,rent
Pebjoekcvv,72,44136,credit,05/02/2020 08:08 AM,shopping
Hjskjlpvzf,73,51789,credit,03/20/2024 12:49 PM,rent
Ycvwwvhagi,74,97307,credit,12/30/2020 11:05 AM,shopping
Vxckghikkg,75,35267,debit,12/08/2026 03:50 AM,salary
Emvfeleggy,76,86717,debit,05/02/2024 10:34 AM,rent
Ifrbyokgia,77,9468,credit,09/06/2026 05:26 AM,salary
Inwqnnhtht,78,98491,credit,09/03/2020 02:58 PM,rent
Lylvjkhuoh,79,786,debit,08/26/2028 08:19 PM,salary
Wdwiouqqcx,80,57806,credit,03/12/2023 02:57 PM,shopping
Pcrqvlkimr,81,91180,credit,07/25/2023 05:51 PM,shopping
Xmnypewket,82,45684,debit,04/14/2029 07:46 AM,shopping
Nyljebxovv,83,81168,debit,10/28/2024 11:47 AM,shopping
Kraofntztt,84,85098,credit,06/21/2020 04:11 PM,salary
Ddjtamcgxz,85,15590,credit,05/19/2022 04:03 AM,salary
Cnkvtokeuf,86,63350,debit,12/20/2020 11:18 PM,rent
Wnksxfkaje,87,95884,debit,02/20/2028 12:39 AM,rent
Hzwealxftw,88,43576,credit,03/30/2027 06:21 AM,shopping
Kvvpwripku,89,90110,debit,10/16/2029 05:31 PM,salary
Cksruhtvyy,90,14088,debit,07/26/2020 10:09 AM,salary
Tabrqenkso,91,13256,debit,06/30/2023 01:03 PM,rent
Spfexkudyc,92,37232,credit,07/28/2025 10:42 AM,shopping
Ydbinpwwsy,93,77627,credit,07/23/2025 10:43 AM,rent
Bgnmuwpmbf,94,11957,credit,01/07/2028 03:38 AM,salary
Wstfbvylvz,95,29036,debit,10/10/2026 05:40 PM,shopping
Ruhdqdqsft,96,81152,debit,11/18/2027 10:39 PM,rent
Vbtlfcldbz,97,96050,debit,01/29/2021 08:42 AM,shopping
Gomcxvrmcd,98,4318,credit,07/02/2028 06:22 AM,rent
Tgvzbpemcq,99,92388,debit,03/05/2028 12:19 AM,rent
Dyrnryfjgh,100,13230,credit,09/22/2020 08:33 AM,shopping
Lyytewxlel,101,87592,credit,09/15/2020 02:00 PM,rent
Ekfzmedadu,102,14377,debit,12/30/2024 02:06 PM,rent
Sziwymvhdw,103,34907,credit,01/16/2021 11:04 PM,rent
Okealiuxoy,104,8901,credit,02/21/2025 06:19 AM,shopping
Wmsffwokze,105,4780,credit,06/30/2024 07:49 PM,shopping
Gohpxjbmsp,106,48681,debit,08/01/2021 11:26 AM,rent
Mulabejxmk,107,26270,credit,11/11/2021 04:55 AM,salary
Lntyuzxvkt,108,60839,debit,07/06/2028 06:28 PM,rent
Ohhcjpfwdp,109,63234,debit,02/16/2026 09:46 AM,rent
Xdntnhblid,110,23976,credit,02/05/2026 11:14 AM,rent
Kxrfkgyzbe,111,1981,credit,07/08/2023 12:56 AM,salary
Wymizdytgq,112,77662,credit,03/09/2020 09:02 PM,shopping
Mwxkrjduly,113,60706,debit,10/17/2026 03:20 AM,shopping
Glpzmdedtc,114,9544,credit,05/30/2021 02:02 AM,salary
Hozkntsqts,115,13,debit,09/20/2020 04:57 PM,shopping
Zlsysoliqp,116,74694,debit,04/26/2023 03:47 AM,rent
Lhdznscxpi,117,558,debit,12/10/2022 04:06 AM,shopping
Vvrdioosds,118,12091,debit,04/05/2028 08:03 PM,shopping
Kqbbhczpbx,119,21277,debit,06/17/2027 06:16 AM,salary
Wazkzzuslg,120,18341,credit,05/01/2029 12:04 AM,shopping
Vdntusxmix,121,7481,debit,03/05/2021 07:58 AM,rent
Xhrfxhjvvm,122,21819,credit,01/28/2021 02:17 AM,shopping
Qhvarvxgpl,123,26137,debit,03/14/2028 08:48 PM,rent
Mxamracjpm,124,82420,credit,09/24/2027 07:49 PM,shopping
Vymewdhyqk,125,34731,debit,03/04/2028 12:33 AM,rent
Uqfvquivjz,126,11209,debit,09/08/2022 04:28 AM,rent
Jxtwizkexy,127,69363,debit,04/24/2028 08:04 PM,shopping
Sgbniqgmjf,128,95602,credit,03/18/2028 09:01 AM,rent
Iyqvgfybyx,129,68891,debit,07/15/2025 04:53 AM,salary
Zisrrynmay,130,43153,credit,03/29/2027 09:59 PM,rent
Zyzsflfxjy,131,25324,debit,06/03/2025 06:51 PM,salary
Ldrvvqukhr,132,4234,debit,06/22/2029 12:35 PM,shopping
Owrunxqrfk,133,41463,credit,09/29/2021 12:49 PM,rent
Szdekrunof,134,27480,credit,03/18/2025 06:33 AM,salary
Ywrwnixead,135,67269,credit,07/25/2025 05:55 PM,shopping
Jwrfdgxnql,136,18798,credit,02/14/2021 01:48 PM,shopping
Zngvcgsvvj,137,26136,debit,03/31/2029 06:45 AM,shopping
Bvcolcehed,138,80783,debit,09/18/2027 11:57 PM,shopping
Xeqoqewodd,139,17169,credit,01/07/2029 07:35 PM,rent
Salmjqltgv,140,1918,debit,08/21/2020 08:33 AM,salary
Pvorhlvlmx,141,66957,credit,08/26/2021 08:51 AM,shopping
Vybbjdfzpd,142,58493,debit,08/27/2023 01:08 PM,salary
Ntetwtnryk,143,26240,credit,12/11/2022 12:50 AM,shopping
Xwjdufaqvk,144,90272,debit,09/17/2022 05:19 AM,rent
Sdlaxknzmo,145,30445,credit,11/14/2029 02:34 PM,rent
Sssenviaaq,146,31059,debit,08/15/2021 10:29 PM,shopping
Lbqkzpqgcd,147,16084,credit,05/25/2023 05:03 PM,salary
Rtircdifhd,148,2561,credit,05/10/2020 05:47 AM,salary
Mbaitysahk,149,97053,credit,08/07/2024 12:00 PM,rent
Sdcjeiqubc,150,36234,debit,05/25/2020 06:13 PM,salary
Iwnluawpuu,151,25840,credit,08/23/2022 09:53 PM,rent
Enkqwirdek,152,54098,credit,06/02/2021 11:25 PM,rent
Pylhtacwyt,153,11671,credit,02/03/2028 05:05 AM,shopping
Ntzsbbsout,154,44976,debit,01/04/2020 01:17 PM,rent
Kcekedsvre,155,20785,credit,07/26/2028 09:53 PM,rent
Ppizqggsnm,156,74767,debit,06/03/2023 05:35 PM,salary
Elxgkzrixn,157,79515,debit,04/21/2026 12:37 AM,shopping
Kwwrsjctlx,158,31363,debit,05/22/2027 12:52 AM,rent
Rmrgvtrdqe,159,6105,debit,03/10/2029 10:09 PM,salary
Byrjpkrehe,160,84519,credit,04/14/2020 06:00 PM,shopping
Gcjfcbwdud,161,58760,credit,04/02/2020 10:38 PM,rent
Biammxgckw,162,86427,credit,07/30/2026 12:36 AM,rent
Wxnxfzozsi,163,78944,credit,09/14/2023 01:13 PM,salary
Uyzleysxvg,164,15635,credit,03/26/2028 04:23 AM,salary
Ubcdboqjvo,165,66086,debit,12/11/2029 01:27 PM,rent
Nxgtclbcvt,166,69853,credit,07/21/2020 11:41 AM,salary
Gohwoumoax,167,45483,debit,09/19/2024 10:33 PM,shopping
Ebkwchlcis,168,83854,debit,04/11/2025 10:02 PM,salary
Frbrqijcux,169,35257,debit,09/25/2020 06:39 PM,rent
Firhxanide,170,72996,debit,03/22/2026 04:43 AM,salary
Itzufwwhpi,171,59341,credit,11/25/2020 11:19 AM,rent
Avrdcqnqma,172,97451,credit,04/30/2026 11:15 PM,salary
Intwwobfxs,173,39398,debit,12/14/2025 06:42 AM,rent
Jzgjftrxsf,174,67497,credit,09/11/2027 11:21 AM,salary
Uccagbwydy,175,35710,credit,09/07/2025 12:50 PM,salary
Ylaedjupys,176,84371,credit,04/16/2027 09:46 AM,rent
Dvjgpbihjk,177,58854,credit,04/09/2020 11:42 AM,rent
Evptqgllac,178,83716,debit,11/15/2022 07:56 PM,rent
Iymltlobqe,179,4376,debit,11/28/2021 10:48 AM,rent
Cacesjgjao,180,8692,credit,01/04/2023 12:42 PM,shopping
Vabnruzzka,181,33228,debit,03/18/2021 01:16 AM,shopping
Kcnhemdgft,182,94981,debit,11/02/2021 04:02 AM,rent
Roqgsqpnhp,183,93342,debit,12/25/2025 02:00 PM,rent
Ubfllyhzux,184,52563,credit,07/24/2026 09:19 PM,salary
Ononerzodo,185,88017,debit,04/15/2025 08:44 PM,salary
Zrvhqedqbj,186,60876,credit,07/18/2024 11:41 AM,rent
Mxfxamcbor,187,48098,debit,09/27/2025 12:26 AM,shopping
Kldmjlijgc,188,39355,debit,03/01/2025 02:22 AM,rent
Uwknupfmjj,189,65447,debit,11/11/2026 09:19 AM,salary
Wyepsuutfg,190,71929,credit,08/02/2023 07:33 PM,rent
Clzqvetjom,191,39226,credit,02/22/2023 06:33 AM,salary
Mfmxewkvpa,192,94252,debit,04/10/2021 03:44 PM,rent
Usafbmqpeo,193,8664,credit,06/12/2024 09:53 PM,shopping
Eoduuqlkre,194,14441,credit,01/11/2020 10:30 PM,rent
Uroooirqvm,195,61883,credit,12/05/2020 09:05 AM,salary
Igfohlpusw,196,62527,debit,12/15/2020 02:48 PM,rent
Raepfdhebc,197,27768,credit,01/27/2027 09:30 AM,rent
Qsaimifqsl,198,66379,credit,04/11/2029 06:47 AM,shopping
Kzgkwmttsy,199,18098,credit,08/10/2026 11:48 AM,rent
Fkmbhupdev,200,96030,credit,07/17/2027 02:18 PM,salary
Bpfhsedakp,201,78633,debit,09/05/2026 11:04 PM,salary
Orayrwinak,202,65417,debit,06/27/2025 05:18 PM,shopping
Wcxjijdfak,203,90743,credit,07/10/2021 11:20 AM,salary
Stkyotgfld,204,95419,credit,01/03/2028 09:31 PM,shopping
Oeifpimlce,205,578,credit,12/25/2027 04:40 AM,rent
Lurjpkkjho,206,70997,credit,01/01/2024 06:13 AM,shopping
Kfcyyzcxnf,207,99740,debit,11/10/2024 01:24 AM,salary
Ptmzsvhaub,208,91513,debit,11/22/2027 06:17 AM,shopping
Povrnryvah,209,87353,credit,09/05/2023 05:56 AM,shopping
Ezgaglfojm,210,95966,debit,06/20/2028 08:31 PM,rent
Qiaxpodmeg,211,39312,debit,03/28/2022 12:45 PM,rent
Cafigabcoc,212,17454,credit,01/26/2024 10:59 AM,shopping
Olwspyuvfh,213,44388,debit,02/20/2021 08:24 PM,shopping
Ryhdnzscwn,214,31614,credit,04/10/2023 11:34 PM,salary
Xcjccobrhy,215,14296,debit,09/15/2020 05:21 AM,rent
Ebsraciroa,216,27726,debit,08/04/2023 10:37 PM,salary
Uvmvgfzkxf,217,40619,credit,11/14/2025 03:46 PM,salary
Arucdmjvco,218,7478,debit,06/19/2027 09:43 PM,rent
Pndvagqyph,219,48836,debit,02/10/2029 12:35 AM,salary
Cgfwoalsjc,220,6723,debit,08/26/2020 04:24 AM,rent
Hhslcbjtkf,221,20444,credit,11/13/2020 04:09 AM,rent
Czswslfgyu,222,59851,credit,02/28/2022 11:28 AM,salary
Hlbkejumds,223,19260,credit,03/19/2022 04:08 PM,salary
Sjzwujjjuw,224,51425,debit,10/23/2023 06:35 AM,salary
Wmweryojgr,225,21905,credit,02/25/2025 03:50 PM,salary
Ngglyammqg,226,40379,debit,01/22/2022 11:27 AM,rent
Kwcspyxlvv,227,13493,credit,01/24/2021 05:54 AM,salary
Vzcwndqrsn,228,90527,credit,11/13/2028 10:50 AM,rent
Lleiokoejo,229,45063,credit,07/19/2025 11:16 AM,shopping
Eorilvlqxy,230,28873,debit,11/08/2028 03:39 PM,shopping
Ffsrvijvpr,231,4302,debit,01/24/2020 01:36 PM,salary
Aesmjkxsrw,232,45548,credit,10/14/2025 12:15 AM,shopping
Tetutqmrru,233,57655,credit,02/06/2026 12:27 AM,rent
Fbywrkpxey,234,85404,debit,09/10/2021 11:29 AM,rent
Ykglhwcylf,235,33559,debit,12/22/2024 05:14 PM,salary
Heznpsyxbi,236,66977,credit,07/24/2026 04:20 AM,shopping
Ndznbhrycv,237,19473,debit,08/25/2026 01:39 PM,shopping
Xyfxlaiflr,238,88258,debit,06/27/2029 11:10 AM,rent
Sdjwwiuaby,239,3258,credit,09/21/2025 11:38 PM,salary
Nsznogeykp,240,57703,debit,09/05/2028 03:29 AM,salary
Afvfautbml,241,2887,credit,11/26/2028 02:59 AM,rent
Euictdfgij,242,63598,debit,10/31/2025 01:12 PM,shopping
Xltjietctb,243,50649,debit,12/04/2025 06:57 AM,salary
Rncnofqvtb,244,26713,debit,02/01/2026 11:50 PM,salary
Pocziwgleu,245,45939,credit,11/03/2025 01:58 AM,salary
Kyrlclhuyu,246,20559,credit,03/04/2029 07:52 AM,shopping
Dtatpoarne,247,90560,credit,01/19/2028 01:22 PM,shopping
Qxacwcndpc,248,12754,debit,06/25/2022 05:38 AM,shopping
Sonqahsieh,249,91878,debit,11/11/2026 01:39 AM,salary
Fwotnccito,250,32895,debit,09/07/2025 08:38 AM,rent
Vvnnaonltg,251,14142,debit,04/16/2022 04:06 AM,rent
Bdadwgzhcb,252,32954,credit,10/12/2021 06:02 AM,salary
Xcatjvpebx,253,73381,debit,09/03/2021 04:21 AM,rent
Fxlyhjgovx,254,94667,debit,10/25/2026 09:21 AM,rent
Upgrklwzat,255,69770,debit,10/18/2025 05:46 AM,salary
Henqbrehet,256,15764,credit,11/10/2020 09:02 PM,salary
Yeqkhpbevy,257,99717,debit,04/08/2022 08:00 AM,rent
Bpzffwkotg,258,95300,debit,02/28/2023 11:11 PM,shopping
Axzyojidbw,259,89331,credit,10/08/2025 09:34 AM,shopping
Vrgtzukagg,260,82390,debit,03/15/2026 06:32 AM,rent
Htfipsuxua,261,73197,debit,07/14/2027 10:13 PM,rent
Kucgcgilxi,262,60103,debit,07/28/2021 08:23 PM,salary
Pycumdrxsk,263,80562,credit,02/19/2027 05:40 AM,rent
Chcisuaeov,264,54249,debit,06/07/2021 10:10 AM,salary
Uvcsxlohsb,265,57180,debit,01/25/2025 11:26 PM,rent
Dzoewzcane,266,33316,credit,05/15/2020 12:39 PM,rent
Ncmogoelqx,267,75600,debit,12/01/2024 05:51 PM,shopping
Ccjdofmcea,268,84872,debit,10/26/2023 02:19 PM,rent
Mrvexikgby,269,7488,credit,08/04/2020 01:33 AM,shopping
Xwpsaldfkw,270,38680,debit,01/08/2022 10:03 AM,shopping
Hsxzndsknu,271,71457,credit,08/19/2022 08:22 PM,salary
Ebrkfgwpsu,272,11644,credit,01/04/2023 11:14 AM,rent
Jhhezardiw,273,28450,credit,05/22/2024 01:44 AM,shopping
Hhjfghkaff,274,65525,credit,06/04/2020 09:35 PM,rent
Bruaqqnrzp,275,97723,debit,04/09/2020 08:07 PM,rent
Qtgziaeled,276,40119,credit,12/18/2025 03:39 PM,rent
Zyznrybdzi,277,52970,credit,10/25/2028 02:00 PM,shopping
Dofthsqrhk,278,4581,credit,08/12/2023 09:49 AM,rent
Zedsjanxol,279,36350,credit,05/31/2022 08:43 PM,salary
Tgckrhmiwl,280,94398,credit,06/08/2023 01:34 PM,salary
Iknzsqnjzt,281,29523,debit,05/04/2022 06:14 PM,rent
Ttxlqdpuul,282,91876,debit,08/16/2027 02:47 AM,salary
Cgearqryna,283,2358,credit,07/13/2025 01:47 AM,rent
Tzxsbdjxag,284,12077,credit,10/15/2022 01:24 AM,rent
Jonpondlis,285,81441,debit,01/25/2025 09:59 PM,shopping
Jfsygnqoic,286,72611,debit,02/22/2027 04:16 AM,salary
Qomhumocaj,287,97413,debit,01/12/2021 01:08 AM,salary
Sjntrdgpel,288,15487,credit,01/15/2029 02:49 PM,shopping
Umhtavgzzx,289,23926,debit,08/30/2023 06:00 PM,shopping
Triuxygaev,290,71289,debit,08/01/2028 03:37 AM,salary
Igxejiokar,291,43177,credit,01/14/2027 05:05 AM,rent
Fevrznwfzo,292,82894,debit,09/12/2022 06:44 AM,rent
Ilbrulctzy,293,77714,debit,06/01/2028 06:13 PM,rent
Fgdqdahyvf,294,27634,debit,01/01/2021 01:27 AM,rent
Nfuyilbnao,295,68947,credit,07/14/2027 01:57 AM,salary
Htgapwxbum,296,95515,debit,08/19/2024 03:45 PM,salary
Rinmbctcas,297,95424,credit,01/17/2023 09:01 PM,rent
Cnebcgyeog,298,32527,debit,06/04/2025 08:57 AM,rent
Ftmiheoobr,299,89710,credit,03/06/2022 12:16 PM,shopping
Newmikjpfd,300,35781,debit,04/20/2025 03:47 PM,shopping
Krzxreghin,301,21763,credit,03/07/2027 12:29 PM,rent
Bbuxzaytah,302,49013,debit,01/27/2022 08:33 PM,salary
Gstheocqlg,303,62293,credit,08/31/2020 10:59 PM,salary
Jjdryfotso,304,94556,credit,08/21/2024 10:50 AM,rent
Qnuumzgzsu,305,48386,credit,06/01/2024 12:16 AM,salary
Sxylwitbkh,306,35975,credit,11/01/2029 03:47 AM,rent
Dpynbmwqqw,307,83942,debit,05/12/2025 07:08 AM,salary
Kytvegtixg,308,96872,debit,10/13/2023 04:25 PM,rent
Hcbzackjlu,309,6348,debit,09/27/2022 05:07 PM,shopping
Jfbajbsdqm,310,98867,debit,11/06/2020 09:54 PM,rent
Khszzhgyjs,311,91319,debit,05/01/2024 05:45 AM,salary
Ruxvwohzlc,312,53457,debit,06/25/2028 03:56 AM,shopping
Wxxbfmhyvi,313,97503,credit,03/08/2026 12:07 PM,salary
Szevhpotnx,314,94435,credit,08/31/2022 04:53 AM,shopping
Ikmzgchekp,315,74203,debit,08/30/2024 04:23 AM,rent
Qbxcxvthss,316,97651,debit,05/12/2020 11:05 AM,shopping
Oowoxaqnvb,317,13979,credit,05/21/2020 06:56 PM,rent
Elaafiemem,318,77181,credit,08/26/2023 10:24 PM,salary
Yzphfnqyvj,319,78352,debit,09/09/2025 06:34 AM,salary
Qcuueacrfo,320,98134,debit,11/14/2021 08:52 PM,rent
Ymccmufsqt,321,41475,debit,07/31/2022 05:50 PM,rent
Qguistaurm,322,7869,debit,07/13/2027 03:37 AM,shopping
Udtxmeupff,323,75655,debit,04/23/2028 08:11 AM,rent
Xdvcspmrnb,324,90668,debit,12/13/2027 08:24 AM,shopping
Jwvjyvnbll,325,20903,credit,12/17/2028 05:09 AM,rent
Scalvutntr,326,62630,debit,01/09/2021 08:01 PM,rent
Zswsgoyovx,327,43173,credit,03/08/2025 10:42 PM,shopping
Vlxcajiivc,328,67941,credit,02/16/2025 06:26 AM,rent
Cfslvfdvog,329,62576,debit,09/28/2024 07:52 AM,rent
Sjfopcpwoa,330,7868,credit,08/07/2021 08:20 AM,rent
Kpaeehkink,331,35416,debit,04/30/2023 11:40 PM,shopping
Gcurrhtfam,332,72360,debit,11/21/2025 07:30 PM,shopping
Oennngxaqj,333,36875,credit,09/23/2026 09:01 AM,shopping
Eflojuswaj,334,51844,debit,11/09/2029 04:04 PM,salary
Cmmjuooiud,335,37784,debit,07/30/2020 12:33 AM,salary
Xadxnojqkd,336,84238,credit,11/30/2024 11:43 AM,salary
Vfgdoeglti,337,75658,debit,03/28/2029 05:22 PM,salary
Nuclctjzwq,338,84454,debit,11/01/2029 07:19 AM,shopping
Ernlglgast,339,93948,debit,05/13/2022 07:46 PM,shopping
Qwxuaevwac,340,13673,credit,06/14/2021 11:12 AM,shopping
Wmcsrhztwz,341,88915,credit,03/22/2029 04:27 PM,shopping
Gflmniwahx,342,14143,credit,01/31/2022 03:09 PM,rent
Swpbjpezom,343,40961,credit,04/24/2029 10:31 PM,salary
Olazqzwycq,344,78001,credit,07/06/2026 02:30 AM,rent
Wqmfkgebjg,345,75923,debit,03/30/2028 09:16 AM,shopping
Mzcfnpkqry,346,75637,credit,07/07/2025 10:24 PM,shopping
Cbftrvwyex,347,7481,credit,03/25/2028 11:51 AM,salary
Kfzdqfywru,348,695,debit,06/17/2024 03:07 PM,salary
Lcehzoqykb,349,66,credit,01/27/2023 12:39 AM,rent
Zumgxdiglu,350,51474,credit,03/30/2028 08:11 AM,rent
Kkdlrkuzwb,351,57457,debit,02/18/2021 07:51 PM,salary
Eckwyuhatd,352,39966,credit,10/27/2026 11:45 PM,shopping
Iujlqshpoq,353,95842,credit,03/16/2024 12:32 PM,salary
Chvotuetti,354,21375,credit,04/25/2027 11:13 AM,shopping
Kzyfrblrhn,355,16669,debit,12/11/2025 07:55 PM,rent
Smztnggkih,356,29633,credit,05/21/2020 01:16 PM,salary
Dacibsiqsn,357,91844,debit,06/13/2029 05:20 AM,shopping
Jrydunzgqi,358,67787,credit,11/07/2023 08:16 PM,rent
Tayenpsdvc,359,40160,credit,08/31/2027 06:44 PM,salary
Gozgtwymax,360,41131,debit,01/31/2027 06:06 AM,shopping
Ojvxuxhsra,361,37281,debit,09/09/2020 06:05 AM,shopping
Bqpaxqgigg,362,44122,debit,04/07/2026 06:26 AM,salary
Yxkeswiypz,363,43162,debit,05/14/2026 09:54 PM,rent
Uvyzhoxcos,364,47658,credit,10/20/2022 10:40 AM,salary
Lffmwxahcd,365,62143,debit,10/25/2026 10:27 AM,rent
Mnlhpymjaw,366,12047,debit,05/05/2028 04:21 AM,salary
Ofjbdyavpy,367,80285,debit,02/01/2025 09:25 PM,rent
Tvucgkcpuj,368,29807,debit,09/02/2027 02:42 AM,salary
Jnyhfsnksq,369,30428,credit,03/02/2027 06:36 AM,salary
Pummcfhroj,370,20038,credit,01/30/2026 09:59 PM,shopping
Nrrnxkctrr,371,11421,credit,02/22/2022 10:45 AM,salary
Lctaerlkrp,372,64073,credit,01/31/2022 07:26 PM,shopping
Putkjgaxtq,373,89937,credit,10/10/2022 09:12 PM,shopping
Rmleqpbdct,374,30231,debit,05/21/2022 11:48 AM,rent
Rlocskikrx,375,40065,credit,05/15/2025 06:52 AM,salary
Rubyltjujy,376,64575,credit,10/01/2020 04:44 PM,shopping
Titnpeacpv,377,83976,debit,08/08/2026 07:48 AM,rent
Ckzsuojvpx,378,79873,credit,08/26/2023 02:12 AM,salary
Qdddyexhps,379,82702,debit,01/31/2024 10:20 PM,shopping
Bzgrplhzwy,380,9996,debit,02/19/2022 11:46 PM,shopping
Hdepiglrxx,381,16129,credit,03/25/2021 11:52 PM,salary
Sazdryohgp,382,45310,debit,02/06/2028 06:58 PM,salary
Puxmyfwjnz,383,57109,credit,10/10/2026 12:25 AM,shopping
Cuycylbpqq,384,84820,credit,08/24/2029 08:48 PM,shopping
Dpygffpekp,385,50949,debit,07/15/2025 07:53 AM,rent
Apnrqavrvf,386,20721,debit,06/19/2029 10:19 PM,shopping
Vdfhyukzlv,387,90015,credit,04/01/2027 01:14 AM,salary
Ulllyiktsd,388,32347,debit,05/15/2021 06:27 AM,shopping
Veawzsnmcd,389,23295,debit,08/03/2024 12:45 PM,salary
Hanbjlhwmn,390,18163,credit,05/17/2021 09:17 PM,shopping
Colehohqdb,391,7439,debit,10/18/2021 10:22 PM,rent
Jynjbiojhw,392,36750,credit,07/11/2023 05:20 PM,shopping
Fnaajefdjh,393,79926,debit,08/24/2027 09:58 PM,rent
Ohyhpjmwrx,394,57092,debit,10/02/2022 01:08 PM,rent
Fctllqkpbq,395,63757,credit,04/15/2020 02:13 AM,salary
Adczdprurf,396,99196,credit,04/02/2027 12:02 PM,rent
Sohszqenqs,397,64083,debit,04/23/2029 09:53 AM,rent
Stdnrijtxt,398,66594,credit,11/13/2021 02:53 PM,rent
Mljkntbbay,399,70597,debit,10/14/2022 10:24 PM,salary
